,text,sentiment,pred
0,"@LisaLies12 @Beatrix_vStorch Ich habe NICHT behauptet, dass es KEINEN Muslimischen Antisemitismus gibt! Doch in D gibt es seit sehr vielen Jahren verwurzelt in Rechtsnationalen Kreisen eine tiefen AS. Siehe 3. Reich und lange davor. Nur das verleugnet die AfD, als Vogelschiss in der Geschichte Ds! Tatsache!",1,1
1,@KunzlerManuel @DnielSchmlhofer @Stefan_Hajek @SWagenknecht Chemieunterricht? Ich dachte der ist seit 30 Jahren generell abgeschafft und verboten! Genau wie der Kontakt zu allen chemischen Stoffen!!!! (zumindest wirkt ein relevanter Teil der Menschen in unserer Gesellschaft so).,2,1
2,@n_roettgen auch mit Blick auf andere Aspekte des Umweltschutzes wie zum Beispiel Artensterben.  Sehr starker Auftritt von R√∂ttgen. #CDUVorsitz #Roettgen,0,0
3,"@Karl_Lauterbach Warum soll man sich dann jetzt boostern, wenn man noch nicht wei√ü, ob es wirkt ?",2,2
4,"Ein beachtlicher Teil der Gesellschaft wird von der Polizei verfolgt, ohne Sch√§digung Dritter. @MarcoBuschmann   #EntkriminalisierungSofort",2,2
5,"@PDominke @AfDimBundestag Pauschale Verunglimpfung ist ein beliebtes Hobby, also kein Grund zur Sorge. Es gab zu allen Zeiten Gruppen, auf die man eingehackt hat im Gef√ºhl der trauten Gemeinsamkeit der rechthaberischen Mehrheit. Ihnen fiel ja auch nichts Anderes zum Thema ein.",1,1
6,@Glogi6 @ClausStrunz @Die_Gruenen @cducsubt @CDU @CSU @ToniHofreiter @ArminLaschet @Markus_Soeder @ABaerbock Weil sie es nicht k√∂nnenüòÇüòÇüòÇ,1,2
7,@HHawkeye24 @Boesmensch60488 @CDU Verantwortung? Was ist das?,2,2
8,@Karl_Lauterbach @JanJosefLiefers Prof Lauterbach vs Prof Boerne,2,2
9,"@c_lindner @gruenen @fdp Finde es wichtig, dass man bei sich selbst nach Fakten sucht.",2,2
10,@TobiasK87508316 @o_jthe @c_lindner Vielleicht dann doch ein Lockdown f√ºr die Risikogruppen?,2,2
11,"@HNeumannMEP @FESonline @larsklingbeil @KASonline @peteraltmaier Genau! Wer da sagt ‚Äûso what?‚Äú, der ist Teil des Problems!",1,1
12,"@fdp @c_lindner Alle sollen spekulieren? Das kann nur schief gehen üòâ wer hat sich das ausgedacht? Der Staat macht sonst alles, schreibt mir sogar vor, was ich im Gesicht tragen soll und jetzt eigenverantwortlich spekulieren mit der Absicherung? Was wenn's bl√∂d l√§uft?",1,1
13,"@MauliBewohner @Karl_Lauterbach @ArminLaschet @JoachimStamp @KalleLaumann @PeterBiesenbach Echt PEINLICH..und Aktivisten halten sich daran, haben sogar von Massenprotesten abgeraten..wegen Corona...und Security und Polizei sind die Querulanten...oder gar Querdenker?üå≥",1,1
14,"@GustavAHorn @HolgerMannLE @spdde @CDU @nurdiespd @NowaboFM @W_Schmidt_ @hmeyer78 @MartinGreive @mischrodi @CanselK W√§re nicht solidarisch, w√ºrden auch diejenigen mit ihren RV-Beitrag am gesamtwirtschaftlichen Erfolg partiziperen, die auf Grund eines geringen Einkommens √ºber den RV-Beitrag hinaus kein Geld mtl. √ºbrig haben, um zus√§tzlich privat vorzusorgen?",2,2
15,@Karl_Lauterbach Dann erkl√§ren Sie mal wie man die spanische Grippe vor hundert Jahren in den Griff bekommen konnte‚Ä¶   https://t.co/aeQYCOmCXO,2,2
16,... @rbrinkhaus jetzt also bei der @CSU,2,2
17,"@le_matsch @Muriel_Muraene @Karl_Lauterbach @jensspahn Der Jens kann vielleicht den Gesch√§ftsbericht der √∂rtlichen Sparkasse lesen und verstehen,  aber ganz sicher nicht medizinische Fachliteratur. Falscher Mann am falschen Platz. #spahnruecktritt",1,1
18,"@phoenix_de @FAZ_NET @fazbub @fdp @Die_Gruenen @spdde @fiedelseb Niemand wird gezwungen, illegale Drogen zu konsumieren. Daraus ergibt sich auch kein politischer Handlungsbedarf, den Konsum von illegalen Drogen zu legalisieren, damit Drogens√ºchtige ""reine Drogen"" legal konsumieren k√∂nnen. Wer heute die Legalisierung von Cannabis fordert, ‚¨áÔ∏è",2,2
19,"@kiblet_ @DrPuerner @Karl_Lauterbach Gedankenansto√ü: Vielleicht sollte man die gesetzlichen Krankenkassen tats√§chlich abschaffen und die Kassen√§rztlichen Vereinigungen gleich mit? Die wirtschaften alle, im Gegensatz zu den Privaten, ineffizient und intransparent und bilden keine Altersr√ºckstellungen.",1,1
20,"@Speedy41346496 @UweR53682515 @Lebenslustlerin @Joerg_Meuthen Egal wie tief man die Messlatte f√ºr den menschlichen Verstand ansetzt, jeden Tag kommen Menschen wie sie und marschieren unten durch.",1,1
21,"@reini23788 @Insomnia0_o @Florian66605723 @Die_Gruenen Mit dieser perversen Ansicht ist nicht von Einzelf√§llen zu reden, die gesamte Partei hat diese Forderungen unterst√ºtzt und beantragt. Vom Umweltschutz kann bei dieser Partei auch keine Rede sein z.B. Windkraft und Vogelsterben ectpp.",1,1
22,"@marcfriedrich7 @Karl_Lauterbach @jensspahn @c_drosten @BrinkmannLab Bescheuerter Tweet. V√∂llig aus dem Zusammenhang gerissen. St√§ndig von Zusammenhalt etc reden, aber mit solchen Tweets tr√§gt man selbst zur Spaltung bei!",1,1
23,@spdde Da geht noch was!  https://t.co/214RM0Z2rk,2,0
24,@CDU @_FriedrichMerz Zur√ºck in die Zukunft. W√ºrde vielleicht als neues Motto passen.,2,2
25,"@LubSeb @NikolausBlome @c_lindner @fdp @fdpbt Jamaika kommt nicht, verstehen Sie das nicht...?",2,1
26,"@jensspahn @ArminLaschet Team Spahn, naja da wei√ü man was man hat, √§hnlich wie Team Merz, Team Maa√üen, Team WU, Team JU, fast alle auf Kurs, jedenfalls die f√ºr die es dich lohnt auf Kurs zu bleiben, Selbstbereicherung um jeden Preis",1,1
27,Das @BMG_Bund wollte nicht-zertifizierte #Masken an Obdachlose und Menschen mit Behinderung ausgegeben. Das sorgt f√ºr Krach in der #Koalition. Die #SPD-Vorsitzende @EskenSaskia warf @jensspahn eine ‚Äûbeispiellose Verachtung‚Äú f√ºr Teile der Gesellschaft vor.  https://t.co/LwGTs1X4lG,1,1
28,Mao'süá®üá≥ Kommunist China  Bericht zu Uiguren belegt: China begeht V√∂lkermord im eigenen Land  https://t.co/HNVzLAZcd2  @AFDimBundestag @AFDBerlin @AFD @Die_Gruenen @spdde @CDU @CSU @dieLinke @fdpbt @MalteKaufmann  @BILD @ZDF @welt @zeitonline,1,1
29,@f_schaeffler Gut wie er Geimpften Freiheit zur√ºck gibt.,0,0
30,"@spdde also ausser im Gemeinderat Mannheim - da nimmt man die Stimmen der afd gerne mit, wenns ohne nicht reich.  #spezialdemokraten",2,2
31,"@K_Plattform_f_R @morgenmagazin @BlackIcaruz Und der Journalismus im √ñRR hat sich bei dieser Gelegenheit, wenn man sie denn gew√§hren muss, leider auf die Bedeutung der B√ºhne beschr√§nkt. Das h√§tte ich mir kritischer gew√ºnscht, bei einem Beitrag von @Alice_Weidel w√§re das nicht so schwer gewesen. Leider Hofberichterstattung.",1,1
32,"@miramoto11 @CarstenBKK @KathaSchulze @Die_Gruenen @DJanecek Diese ""Quertreiber"" haben offensichtlich einen gef√§hrlichen Einfluss auf die Politik.",1,1
33,"@derspiegel Scholz versagt irgendwie, @Karl_Lauterbach, tun Sie etwas.",1,1
34,"@EalaNicNaMara @Karl_Lauterbach Nicht doch; das √úbergeilstneueste ist die sog. ""Andin-Variante"" aus Bolivien:  https://t.co/y0Y6oGeOsJ",0,2
35,@artsykatsy @RadtkeMdEP @ArminLaschet @CDU Laschet mag halt einfach im Wurstwasser mitschwimmen ;),1,1
36,"@neilpryde24 @technikjuli @SBrandenburg_ @WDRaktuell @PaulZiemiak @OlafScholz @KuehniKev @_FriedrichMerz Ich meinte nicht Olaf Scholz, ich fragte ob Herr Laschet trotz sinkender Umfragewerte keinen Stolz besitzt",2,1
37,"@scionescio @platz13 @kathabeck @GoeringEckardt @ManuelaRottman @MariaKlSchmeink @GrueneBundestag In der Aufarbeitung wird man sich der Frage zuwenden m√ºssen - wieviel Infektion ist √ºberhaupt kontrollierbar. Aktuell uninteressant - 850, 640, 569, 390 sind es nicht..",2,2
38,@drumheadberlin @dcremer_ @SylviaPantel @ArminLaschet @BILD_Politik Laschet wird wie Merkel an seiner Position kleben.,1,1
39,@jensspahn @ArminLaschet @CDU Ihre sogenannte  ‚ÄûFrage‚Äú war eine ganz offene Werbung f√ºr Laschet und in dieser Form grob unfair den anderen Kandidaten gegen√ºber. Das ist richtig schlechter Stil und unanst√§ndig.,1,1
40,@fabiwunn @PeppermintPett6 @Karl_Lauterbach @JanJosefLiefers Im Gegensatz zu Ihnen. ü§°  Haben Sie Ihr 'Wissen' von der YouTube Universit√§t?  #lasttweet,1,2
41,#klartext  @ArminLaschet ist die #SchwarzeNull,1,2
42,"Die CDU hat es geschafft so viele Deutsche verarmen zu lassen, dass es denen egal ist, wenn von Enteignung, Linksruck etc. gefaselt wird.  Es wird nicht greifen, denn alle von links bis rechts haben die Schnauze voll von @CDU",1,1
43,@krustytheboss @jensspahn Verstehen sie nicht das bei der Osteopathie die Hauptsache das ersp√ºren ist und dies durch Ger√§te bislang nicht bewiesen werden kann.Aber der Erfolg den ich t√§glich sehr √ºberzeugt mich und meine Patienten.Was mich nervt sind die Vorurteile und Kollegen die keine 5Jahre Ausbildung,1,1
44,"@pkbrln @n_roettgen @Die_Gruenen @fdp @CDU Bei den @Die_Gruenen sind sie wahrscheinlich not amused. Schwarz-gr√ºn unter R√∂ttgen ist nun tot, das kostet sie 2-3 Ministerien gegen√ºber Jamaika.",1,1
45,"@ChrisWesselNI @VAMV_BV @fdp @spdde @Die_Gruenen @VAMVNRW @Stiftung4AE @vamv_hessen @VaMVDuesseldorf @VAMV_Berlin @DKHW_de @zff_amilie @diemias_ @diakonie @Frauenrat @vamv_e Das ist beim @VAMV_BV nachvollziehbar. Er ist ein Lobbyverband, dem es nicht um die Suche bestm√∂glicher L√∂sungen f√ºr Kinder geht, sondern ausschlie√ülich darum, Privilegien erwachsener Menschen zu erhalten und deren Einnahmesituation zu verbessern. Kritische Debatten st√∂ren dabei.",1,1
46,"Videokommentar: ""Jetzt ist auch mal gut, Herr Laschet""  https://t.co/PJATgCHIRW via @tonline  @cducsubt,@CDU,@CSU, Welch rei√üerische Schlagzeilen,die jetzt unn√ºtz sind. Fakt ist, dass knapp ein Viertel aller wahlberechtigten Deutschen ganz eindeutig A.Laschet als Kanzler w√§hlten!",1,1
47,"@AnneWillTalk @reinerhaseloff @larsklingbeil @Wissing @cem_oezdemir @WaltrautDunz Das nun wie auf einem Basar gehandelt wird und ein Wettlauf beginnt, wer am schnellsten mit wem eine Koalition bildet und Stimmen vereint, dass der dann den Kanzler stellt,  also das ist wirklich im h√∂chsten Ma√üe erschreckend.",1,1
48,@KuehniKev @LibanFa Auf weitere 4 Jahre Klassenverrat üëèüèΩ,1,1
49,@ArminLaschet @BildungslandNRW  Lebenslanges Lernen. So wichtig.,2,0
50,"Er war mal der rebellische Juso-Chef: Seit dem Wochenende ist @KuehniKev neuer SPD-Generalsekret√§r. Im Interview warnt er, die SPD d√ºrfe nicht die gleichen Fehler wie die CDU machen. üéß   https://t.co/FR8FiVxWfD",1,2
51,@Karl_Lauterbach Wichtigster Grund f√ºr Impfz√∂gern ist bei mir dein st√§ndiges werben f√ºr selbigen.   https://t.co/6IuyOuzi3a,1,1
52,@_kettboy @sextosempirikos @schnellenbachj @jensspahn So lange will aber dieses Mal keiner warten.,2,2
53,@spdde @OlafScholz √úbernehmen die Vermieter dann auch noch die Stromkosten die steigen? Und die steigenden Benzinkosten?,2,2
54,"@c_lindner ‚ÄûFalsch h√∂rt nicht auf, falsch zu sein, nur weil die Mehrheit daran beteiligt ist.‚Äú  Leo Tolstoi  https://t.co/TJzTzEn53W",1,1
55,"@maxim_k @SilvaAtTwitta @tantepiep @beyond_ideology @TerliWetter @parents4future @georg_kofler @fdp @PIK_Klima @MazzucatoM ...nochmal, es geht darum, dass es jetzt schnell geht, weil alles verpennt wurde! Und wenn dann jetzt was ""verboten"" wird, was nur 0,01% zur Klimazerst√∂rung beitr√§gt, aber relativ verzichtbar ist, dann macht man es, weil es schnell geht und auch ein kleiner Beitrag wichtig ist!",1,1
56,"@RAinDiercks @spdde @jensspahn @Karl_Lauterbach @TschenPe @Senat_Hamburg Ja. Deshalb wei√ü man nicht, was man tun soll und macht halt irgendwas, um √ºberhaupt was zu tun. Das wirkt dann nicht und am n√§chsten Tag macht man halt das Gegenteil.",2,1
57,"@SWagenknecht Gibt es denn auch nur ein Lebensmittelgesch√§ft,welches das durch einen Ladenbesitzer vor Gericht erstrittene 2G Recht,angewendet hat? Zudem sind in der KW 36 bis 39 bei den √ú60 j√§hrigen 20Mio Geimpfte f√ºr 7000 und knapp 4Mio Ungeimpfte f√ºr 6300 symptomatisch F√§lle verantwortlich.  https://t.co/bcbHLMZPTp",1,2
58,@n_roettgen Haben wir jetzt eigentlich eine neue W√§hrung? (Bitcoin) Oder soll man lieber in einer produktiven W√§hrung wie dem Euro bleiben. Bitte kurzes Statement.,2,2
59,"@jensspahn @RegSprecher Wo sind die angek√ºndigten 10 Mio Impfdosen pro Woche, die @OlafScholz angek√ºndigt hat und die Haus√§rzte brauchen mehr Impfstoff und weniger B√ºrokratie. Jetzt gebt endlich Gas!",1,1
60,"@Hosenmaus1 @Kachelmann @Karl_Lauterbach Sorry, aber ""lasst die B√§ume stehen"" ist etwas zu kurz gegriffen. Pellets bspw. sind ein Neben-/Abfallprodukt bei der Herstellung von Bauholz und w√ºrden verrotten, wenn man sie nicht zum Heizen nutzen w√ºrde, insofern doch absolut sinnvoll. Wie heizen Sie denn? √ñl, Gas oder Strom?",2,1
61,@VolkmerAndreas @annewill @OlafScholz @spdde @ABaerbock @Die_Gruenen #strunzdumm schafft das,1,1
62,"Der Chef der @Linksfraktion, @DietmarBartsch, hat angesichts des angek√ºndigten Streiks der #GDL bei der Deutschen Bahn ein Einschreiten von Kanzlerin Merkel gefordert. #Bahnstreik   https://t.co/5zS36YKxft",2,1
63,@HBraun @DoroBaer Tsch√∂√∂√∂  https://t.co/CXVsUERhez,2,2
64,@Ralf_Stegner Und was passiert mit uns Menschen die nicht geimpft werden k√∂nnen? Wir sind im Endeffekt auch #ungeimpfte. Sind wir auch die b√∂sen? Merken Sie noch irgendwas? F√§llt Ihnen √ºberhaupt nicht auf das Personengruppen auszuschlie√üen voll #1933 ist? Ekelhaft einfach nur ü§¢ü§Æ,1,1
65,@CDU @jensspahn Ab  jetzt geht Deutschland abw√§rts,1,1
66,"@Rolando28927284 @maybritillner @_FriedrichMerz Halt mal, das Zitat nicht aus dem Zusammenhang rei√üen! Ich habe die Sendung gesehen, der Satz bezog sich auf √Ñrzte, die ihren Patienten raten, sich jetzt oder generell NICHT impfen zu lassen. Es war definitiv nicht an alle √Ñrzte gerichtet! Soviel geh√∂rt zur Wahrheit dazu.",2,2
67,"@wenig_worte @MiKellner Nur wenn man davon ausgeht, dass Nichtabstimmung automatische Ablehung bedeutet, davon ist wohl nicht auszugehen.",2,2
68,@PaulM1r @Karl_Lauterbach Faschistoider Corona-Hosenschei√üer...,1,1
69,"@Abtreibpranger @miguel_alemania @meretholland @dieLinke @Die_Gruenen @spdbt N√∂, aber ich will auch generell keine Kinder. ü§∑‚Äç‚ôÄÔ∏è",2,1
70,@SylviaLoehrmann @cem_oezdemir Hat er sich verdient. Der Cem. Beides.,0,0
71,@Karl_Lauterbach Und damit es so kommt wurden zum Monatswechsel Februar / M√§rz nochmal Kapazit√§ten abgebaut. Ihr haltet uns echt f√ºr strunzdoof.,1,1
72,Mach fitti wieder auf #dontforgetfitness @jensspahn @Markus_Soeder @die_regierung,2,2
73,"@MichaelStrempel @ardmoma @Die_Gruenen @CDU @Wissing @fdp @EskenSaskia @spdde @PaulZiemiak @MiKellner Der Wechsel ist ein MUSS. Die korrupte #KlimaSchmutzLobby von der #CDUCSU zerst√∂rt systematisch den Klimaschutz und blockiert die notwendige Wende (Energie/Altmaier, Agrar/Kl√∂ckner, Verkehr/Scheuer, W√§rme/Seehofer). Wir brauchen den √∂kologisch-sozialen Wechsel mit GRR.",1,1
74,"@Karl_Lauterbach zeigt Verst√§ndnis f√ºr Menschen, die Vorbehalte gegen #Astrazeneca haben und den Impfstoff ablehnen. Ein Interview am Rande des #ludwigerhardgipfel f√ºr @WEBDENews:  https://t.co/GPwVc1a6Nf",2,2
75,@dertomm1 @Speedbus3 @Naturfreund_81 @Karl_Lauterbach Was f√ºr eine bl√∂der Vergleich. Jetzt wird es l√§cherlich.,1,1
76,@OurfutureRKids @realTomBohn @LiberalMut @MartinWaltherDD @_neededCitation @TeamSnolly @humbughund @ActiveLiberals @OperationHeuss @BenjaminLaepple @lofferg @roberto_blanko @KonProg @ToniTWildgrube @holgerkopp @c_lindner @Wissing @MarcoBuschmann @chris_pyak @fdp @_MartinHagen @ben_brechtken Sieht bei mir genauso aus. Nur in dunkel üòú,2,2
77,"@polenz_r @Ricarda_Lang @CDU Ich w√ºrde mir aus der Heimat der ""Werteunion"" an diesem furchtbaren Jahrestag Zur√ºckhaltung und Demut w√ºnschen.",1,1
78,"Nicht neu, aber man muss es wohl wieder und wieder sagen. H√∂rt auf Wissenschaftler, die wissen, wovon sie reden. #IchDampfeIchW√§hle cc:  .@dieLinke .@spdbt .@Die_Gruenen .@fdp .@CDU .@CSU .@AfDimBundestag",2,1
79,@AcastusPrivat @Rawmarla @punktpreradovic @Karl_Lauterbach ...sie lesen /h√∂ren so eine Aussage und stimmen dem zu?üôÑ,2,2
80,"@technikhandel91 @musicandscifi @hubertus_heil @spdbt @ndr @amanoman Das ist schlicht falsch: Der Blick in andere L√§nder gen√ºgt, um pauschal die richtige Aussage treffen zu k√∂nnen, dass deutsche Betriebe deutlich weniger f√ºr Familien tun.  Es reicht ja schon der Blick in die F√ºhrungsetage, Stichwort Frauenquote.  Qed",1,1
81,@Judith__Sauer @fdp FDP = Erigierungspartei,2,1
82,"@StBrandner @IN_ROL_0815 Die Katie wird bald ihre Liebe Omi f√ºr unzurechnungsf√§hig deklarieren lassen, nachdem die das von Katie verfasste Testament unterschrieben hat. Weil die Katie ihre Omi so sehr liebt und respektiert. Aber die Umweltsau geh√∂rt halt ins Lager.",1,1
83,@Zora_211212 @Patrick03046207 @Alice_Weidel Und auch ich w√§r voller Hass / g√§b es Musik nur ohne Bass,1,1
84,@larsleisse @Dunkelzimmer101 @atheistsplained @spdde ‚ÄûWissenschaftliche Erkenntnisse‚Äú... üòÇ Solche ‚Äûwissenschaftlichen Erkenntnisse‚Äú wurden Juden einst zum Verh√§ngnis... ü•¥,1,1
85,@Karl_Lauterbach Warum solche Angst vor Aussetzung der nichtsystemrelevanten Lohnarbeit? Das Geld f√ºr Lohnfortzahlung w√§re doch ohne Zweifel vorhanden.,1,1
86,@Katina_Schubert @spdde @dieLinke Die Geschichte zeigt: Mit euch gibt es weder Klimaschutz noch soziale Gerechtigkeit.,2,1
87,@CorneliusRoemer @parents4future @Karl_Lauterbach Alter Falter!!! Was sitzen da f√ºr Dilettanten in der #Bundesregierung. @cducsubt @spd @jensspahn #MPK nur noch besch√§mend!!,1,1
88,"@BurgerBenDecker @welt @CDU Da ist noch Luft nach unten, wenn die CDU nicht gegensteuert. Aber wie soll sie das tun au√üer auf den Knien den S√∂der zu bitten doch anzutreten? Kandidat ist eine Nullnummer, das Programm nichtssagend, die Plakate eine Lachnummer und im √ñRR hat man auch keine Freunde.",1,1
89,"@UMauerblumchen @CDU Klar, so geht ""Erneuerung""  bei der CDU - einen fast 70j√§hrigen,der  sein ganzes ""politisches Leben ""lang nichts geworden ist, mit der Zukunft der Partei betrauen.. immer sch√∂n r√ºckw√§rts, CDU- hoffentlich kriegt ihr von den W√§hlern bei den n√§chsten Wahlen die  passende Antwort..",1,1
90,@GoeringEckardt Zeit f√ºr sowas ?  https://t.co/5geaoFDTsd,2,2
91,"@IngoHeinscher @Mirjam_Fischer @b_riexinger @AchimKesslerMdB @JSchalauske @BioNTech_Group Das Problem ist die Qualit√§t der Laboratorien, bei einer Freigabe k√∂nnten Dan die Impfstoffe in hierf√ºr nicht qualifizierten Laboratorien hergestellt werden, mit eventuell unangenehmen Folgen.",1,1
92,"@APVogt @AfDimBundestag @StBrandner Und wie wird ein Stellvertreterposten ""bestimmt"" ?  Durch eine Wahl, oder etwa nicht. Und jetzt wollen Sie eine Diktatur haben, dass jemand gezwungen wird eine andere ""Stimme"" einzunehmen?  Ich dachte Sie und die #AfD will einen Rechtsstaat haben.",1,1
93,"@HAM_Politics @BAW_Fluglaerm @fegebanks @MartinMosel @CDU @CSU @Die_Gruenen @UlrikeSparr @GRUENE_Hamburg @HamburgAviation F√ºr Kulturreisen reichen auch wenige Airports BER, FRA, MUE oder Wien .. Hamburg k√∂nnte mit einer Schnellzugtrasse gut an den BER angebunden werden. @fegebanks 2Mio f√ºr Machbarkeitsstudie! Das w√§re Klimaschutz und Inovation!",0,0
94,@craty @ZwitschertFrank @Karl_Lauterbach Richtig. Versuchen Sie  das mal einem Idioten zu erkl√§ren. Hab's mittlerweile aufgegeben.,1,1
95,@marcfriedrich7 @Karl_Lauterbach Die WHO und die EMA sehen das aber anders:   https://t.co/WLToZJi1KA,2,2
96,"@FDPffm @Wissing Schon richtig, aber es geht hier nicht nach Parteilinien (auch in Europa ), eher nach Max Weber und Innovations-Offenheit.  https://t.co/qFcQFOJbqt",2,2
97,"@RadtkeMdEP @wanderwitz @CDU Aussagen wie diese sind der Grund, warum die CDU im Osten W√§hler verliert.",1,1
98,"@MenschYasar @NurderK @Karl_Lauterbach brauchen, stehen wir dann da, weil die Leute dran gew√∂hnt waren. Und dort setzt mein Ursprungstweet an, ich glaube halt, dass dies schwer zu kommunizieren sein wird da die Menschen kaum noch √Ñnderungen mitmachen Auf der anderen Seite sind die Labore √ºberlastet, ist halt schwierig",1,2
99,@rRockxter @europeika @CDU Was hat denn die CDU mit dem Christentum zu tun? ü§î  https://t.co/ioFmt1Zny6,2,2
100,"@Karl_Lauterbach @JanJosefLiefers Negatives Auffallen wird halt auch mit Aufmerksamkeit ""belohnt"". Zum Fremdsch√§men. Manche Menschen sind halt nicht zu mehr f√§hig, als einen Text auswendig zu lernen. Empathief√§higkeit = null. Armselig was der Liefers da absondert ü§¢ü§Æ",1,1
101,"@maischberger @Karl_Lauterbach @spdde @Janine_Wissler @dieLinke @c_lindner @fdp @WaltrautDunz @RND_de @ChernoJobatey @ronzheimer @DasErste Dieser Mann desinformiert, reimt sich Sachen zusammen, macht die Bev√∂lkerung paranoid und haut Prognosen am laufenden Band raus. Dazu gab es sogar mal ne Auswertung wo Herrn Lauterbach nur auf 19% Treffer kam. Jeden Anderen mit so ner Quote w√ºrde man sofort entlassen!",1,1
102,"@cducsubt Das C in der CDU steht NICHT f√ºr Christlich! Es steht f√ºr CORRUPTION in englischer Sprache, damit es auch alle wissen!  #cdukorruption",1,1
103,"@TrauHans @OlafScholz @ArminLaschet @c_lindner @schweizok2 @ABaerbock Wer kann verl√§sst das sinkende Schiff, nachvollziehbar ü§∑‚Äç‚ôÇÔ∏è",1,1
104,"@ulfposh @spdde @EskenSaskia @Die_Gruenen Ich verstehe die Angst nicht. Klar, ich bin kein Freund der Linken. Aber ich mach keinen Wahlkampf f√ºr ein B√ºndnis. Das Ausloten kommt nach der Wahl. Gr√ºne und Sozen werden dann ausloten, mit wem man mehr erreichen kann. Und das ist im Interesse der jeweiligen W√§hler",2,1
105,"@Patrici32446565 @Gigi1604_ @crash1656 @PeterHafner20 @Karl_Lauterbach Das ist eine unbelegte Behauptung. Man kann sich nat√ºrlich weigern den Tatsachen ins Auge zu sehen, das √§ndert sie aber nicht. Dann bitte sp√§ter nicht jammern, sie w√§ren nicht gewarnt gewesen.",1,1
106,"@argentarborea @muc8565 @Markus_Soeder ... wenn einem gar nichts mehr einf√§llt, kommt man mit irgendwelchen b√∂sartigen Varianten und dem Ein-Argument-Argument ""Maske oder Beatmungsger√§t"" alles klar. Wenn man so angstzerfressen ist, sollte man grunds√§tzlich zuhause bleiben",1,1
107,@ulfposh @c_lindner @fdp Wie lost muss man sein?  Ulf: Ja,1,1
108,"@larsklingbeil @ArminLaschet Man sollte ja meinen, dass die SPD gerade andere Sorgen hat, aber okay - jeder wie er meint.",1,2
109,@tomlefroyy @jknjhjfhfduvbhl @Karl_Lauterbach Kenne nur die Studien die Gegenteil behaupten. Aber wenn es eine neue gibt lass ich mich √ºberzeugen. Hab gegoogelt aber auch nicht gefunden.,2,2
110,"@StBrandner Ein Gl√ºck! Da wei√ü man sofort, #Scholz kann nicht der Falscheste sein!",0,0
111,"@SawsanChebli @OlafScholz @spdde Scholz steckt tief im Cum Ex Skandal, das Vertrauen ist weg. Wer Steuerhinterziehung als Kavaliersdelikt sieht, hat in der Politik nicht zu suchen.",1,1
112,@widescape @berndulrich @ArminLaschet @BVerfG Er schw√§tzt,1,1
113,"@Piotr43921649 @WernerNachtiga2 @landnrw @CDU @ArminLaschet Egal, wer in Deutschland regiert. Aufgrund unserer Lage und Wirtschaftskraft wird es immer so sein, das ohne uns nichts in Europa geht",2,2
114,@BMG_Bund @jensspahn @SecBecerra @sajidjavid @SKyriakidesEU Schnelle Reaktion auf eine Variante die mit leichtem Verlauf beschrieben wird von Medizinern aus Afrika?  Es wird doch nur jeder Strohhalm gezogen um Ungeimpfte zu Erpressen und eine Impfpflicht n√§her zu bringen.,1,1
115,"@FHustede @MiKellner @spdde @dieLinke @PaulZiemiak @MarkusBlume Getroffene Hunde und so... Mal ganz ehrlich: Euer Verst√§ndnis Wahlkrampf besteht momentan doch fast nur aus pers√∂nlichen Angriffen auf Gr√ºne Politiker. Glaubt ihr wirklich, dass das irgendwie anders interpretiert werden kann als ""wildes um sich schlagen""?",1,1
116,@skt_johann @DailyKaffee @andree_dominik @Drosten_Quotes @aelurotheist @Elon49943563 @axiom4tic @BILD @Mithos1987 @Beatrix_vStorch @Anthony7Louis @Pontifex_de üòë warum hab ich mir diesen kaputten @skt_johann von dir andrehen lassen? Ich will den ECHTEN! Sonst verlange ich @andree_dominik zur√ºck.,1,1
117,@Markus_Soeder Also meinen QR-Code hat noch kein Mensch je gescannt,2,2
118,Warum R√ºcktritt? Keiner hat die Wahl gewonnen da beide @spdde und @CDU eine Regierung bilden k√∂nnen. Versteh diese ganze Aufregung nicht. Das steht Patt.,2,1
119,"@Karl_Lauterbach ( 206 ) ¬†¬†Und wenn man zu ihm sagt: ""F√ºrchte Allah"", rei√üt ihn der Stolz zur S√ºnde hin. Die H√∂lle soll seine Gen√ºge sein - wahrlich eine schlimme Lagerstatt!  [Quran]",1,2
120,"@CDU @_FriedrichMerz Genau, alle Regeln abbauen und den ungehemmten Markt die Dinge regeln lassen. Und wenn's dann wieder Schei√üe l√§uft, dann k√∂nnen wir Steuerzahler ja den Dreck wieder bezahlen. Tolles Konzept, Frieder. #btw21",1,0
121,"@jensspahn Naja. Bis es soweit ist, bist du aus dem Amt und daher k√ºmmern deine Voraussagen auch nicht, Jensi.",1,2
122,@HugoMuellerVogg @hubertus_heil @spdbt Die Gr√ºnen wollen 600 ‚Ç¨ + Miete. Warum sind Menschen jahrzehntelang arbeiten gegangen?,2,1
123,@GGahnt @CartmanTB2 @Andrew1023054 @NurZoabe @Marry5561 @Mr369t @neuaubing @Xxmanxx40D @PatronKobra @ArisKallimachos @PAOKGATE45 @erdantu @JeanVal75735243 @SamaelAccusator @Recep32449274 @Reyes6153 @knochenkopf @Cobeland1 @Nek67936589 @KaratasEsad @batitrakyakiz @kartal_nefer @SteveMaquis @unuffgerescht @NektarAmbrosia1 @GC_Cumhuriyetci @MrTobacco_RTAM @ApoIbne @YuriSch43965199 @Mimoun72105885 @KeremSchamberg @SeyranAtes @cem_oezdemir @YouTube @EmniyetGM @tonline Sie diskreditieren sich durch ihren miserablen Stil und ihre Argumente. Sie sind ein echter Verlierer.,1,2
124,@CDU @dpa @ArminLaschet Die Osterimpfoffensive f√ºr alle Freiwilligen:   https://t.co/xZAMlxV30k,2,2
125,"@hans_heiss @cem_oezdemir Genau, am besten Verkehsminister auch noch. Da kann er ja wieder Bonusmeilen sammeln. Erst tritt man mal zur√ºck, Jahre danach ist Gras √ºber die Sache gewachsen. Leider scheinen die W√§hler das alles zu vergessen. Es stinkt mir,das solche Leute mit Steuergeldern bezahlt werden.",1,1
126,@GoeringEckardt @janoschdahmen Sehr unglaubw√ºrdig Frau @GoeringEckardt wenn man gleichzeitig in BW die Kinder durchseucht und gegen das Infektionsschutzgesetz stimmt.,1,1
127,"@snhrdt @KaiSiefke @dneuerer @press_a_key @handelsblatt @c_lindner @fdpbt @fdp Bist du das, @janboehm? Fall ich hier auf Streiche mit der versteckten Kamera rein?",2,1
128,"@NowaboFM @CDU @ArminLaschet Das war der, dem ‚Äûunbewusst gesteuerten Verdr√§ngungsmechanismus‚Äú bescheinigt wurde, gelle?",2,1
129,"@SusanneHennig @dieLinke @die_linke_th Wer diese Mauersch√ºtzenpartei generell und diese arrogante und dummdreiste Person w√§hlt, hat die Kontrolle √ºber sein Leben verloren!",1,1
130,@StefanThumann @Fabana84 @KaBo0815 @EskenSaskia @EinstEinAdler Wie das mit dem unbedingt herrschen und k√∂niglich sein wollen endet wissen wir aber alle Stefan. ü§î  https://t.co/doAQiSHBYT,2,2
131,"@FDP @c_lindner #ahnunglos, #inkompetent oder noch viel schlimmer #wissend den #Planeten und die #Gesundheit der darauf #Lebenden opfern f√ºr ein bisschen #Fahrspa√ü. #W√§hler:innen sollten wissen, was #Egoisten und #Ochlokraten sind.",1,1
132,"@HirrscherVince @AnikaK46696813 @Bl4ckDr4gon2 @StBrandner H√∂r mal, du Sackgesicht, geh bei deiner Mama heulen",1,1
133,"@Alice_Weidel Abschieben 500.000 sind in DT austeisepflichtig...jeden Monat kommen ca 1000,2020 wieder 140.000 Asyl Antr√§ge...kein Geld mehr, Asyl Leistungsgesetz,unsere Renter sammeln Flaschen, stehen an der Tafel...nach 40 oder 45 Jahren h√§rter Arbeit?unser Rentenniveau liegt auf Platz 17",2,1
134,@OlafScholz hier ist Ihr Klimaclub. @UNKlima,2,2
135,"@Parocatha @MarioWettlaufer @jensspahn @RegSprecher @HBraun Genau das bef√ºrchte ich auch. Es war letztes Jahr schon so,dass Kinder eher nicht getestet wurden. Und die festgestellten Infektionen wurden so stark wie m√∂glich nicht transparent kommuniziert. Finde das alles so unsagbar schlimm! #SchulenUndKitasZu #BildungStattPraesenzpflicht",1,1
136,"@Ralf_Stegner @spdde Sie k√∂nnen schreiben was sie wollen, ein ""Arbeiterkaiser"" werden Sie nie!",2,1
137,@stefanolix @peterunfried @cem_oezdemir @Die_Gruenen @MiKellner @simer122 Die kann man aber voraussetzen,2,2
138,Herzlichen Gl√ºckwunsch an @larsklingbeil und @EskenSaskia. Wir freuen uns auf den weiteren gemeinsamen erfolgreichen Wegüåπ,0,0
139,"@PaulZiemiak @jensspahn @ArminLaschet Und wie immer sagt der Laschet nicht, wie das funktionieren soll. V√∂llig konzeptlos, viel hei√üe Luft!",1,1
140,@Karl_Lauterbach Gute Entscheidung. Wie lange mag er wohl in der Warteschlange gestanden haben?,0,0
141,"@Zhujiko @cducsubt @rbrinkhaus Ich fand es niedlich, als @rbrinkhaus versuchte, @saschalobo vor dem Zuschauer als Provokateur zu diskreditieren. Halt ein weiteres #CDUVersagen, diesmal beim Anstand.  #NieMehrCDU #Kapitalextremismus",1,1
142,"@ArminLaschet @EmmanuelMacron @JeanCASTEX @BrunoLeMaire Mir schon klar das wir das brauchen, aber wieso und mit welcher Motivation geht ein MINISTERPR√ÑSIDENT zu dem Franz√∂sischen Pr√§sidenten? Sind das nicht aufgaben von Merkel, Steinmeier, Scholz oder ... Von der Leyen? Was hat der Armin da zu suchen?",2,2
143,"#groenemeyer #btw   Herbert Gr√∂nemeyer :Richtig: an alle √º50 j√§hrigen, denkt an Eure Kinder und Enkel bei dieser  Wahl! Nur wenn es denen gut geht, lebt auch Ihr ruhiger und k√∂nnt zur√ºckblickend sagen, diese Wahlentscheidung war Richtig! @GrueneBundestag @Die_Gruenen",0,0
144,"@Oedeldoedel0815 @Mrs844 @Karl_Lauterbach Da bin ich jetzt mal gespannt ob sie mir zitieren k√∂nnen, dass ich wixxer geschrieben habe üòÇüòÇüòÇüòÇüòÇ  So mit Langzeitged√§chtnis ist nicht, wa?",1,2
145,@Karl_Lauterbach F√ºr wen ist denn √ºberhaupt die dritte Impfung sp√§ter empfehlenswert? F√ºr alle oder nur f√ºr bestimmte Gruppen?,2,2
146,"@Karl_Lauterbach ... geh√∂rt dazu ein gro√üer Einsatz von Lehrkr√§ften oder Betreuern oder Trainern in Vereinen .Aber das ist nichts gegen all die Patienten und Toten !Jeder Berufst√§tige im Gesundheitssystem muss sich bald selber fragen ,ob seine Arbeit √ºberhaupt gesch√§tzt wird  und Zu welchem Preis",1,1
147,@guido_burger @Karl_Lauterbach @Karl_Lauterbach kennt das.,2,2
148,"@n_roettgen ""Wenn ein B√ºrger f√ºr sich &amp; andere keine Gefahr mehr darstellt, sind Einschr√§nkungen der Freiheit nicht mehr gerechtfertigt.""  Warum d√ºrfen dann Politiker frei durchs Land laufen?",2,2
149,"@breum_kevin @GoeringEckardt Sie hier da hat man nicht Explizit ""Rechte Gewalt"" geschrieben:  https://t.co/mDPs0qcddO",2,2
150,"@DienstNavom @jensspahn keine Zeit f√ºr sowas, sicher wieder wichtige Termine mit Parteispendern...",2,2
151,@Fazer_DDorf @Die_Gruenen @f_schmidt_BB Was war Rechtswidrig? Haben da schon Gerichte geurteilt? Hat die bezirkliche Bauaufsicht keine Kompetenzen mehr? Entscheiden jetzt nur noch Eigent√ºmer*innen.  Ist die Demokratie &amp; Bezirksbefugnisse vollkommen ausgehebelt? Sind Brandschutzexperten des Bezirkes unf√§hig? Warum?,1,1
152,"@KJPGehrden @gb2quare @Karl_Lauterbach @OlafScholz Na ja, sobald Olaf Scholz dabei ist, hat die alte Tante eh keine Chance auf ein akzeptables Wahlergebnis. ü§∑üèº‚Äç‚ôÇÔ∏è Und vor allem: Solange SOLLTE sie auch keine Chance haben. Im Interesse aller B√ºrger unseres Landes.",1,1
153,@blackgreenrevol @DerLachmann @JuliaKloeckner Mehr Schulden wird es auch nur mit Union &amp; FDP geben.    https://t.co/MRSYpc9E2V,1,2
154,@PaulZiemiak @Markus_Soeder @CDU @CSU @ArminLaschet Wir k√∂nnen's auch kaum erwarten! Vorschlag: Den Hashtag #zusammenmachen schon mal √§ndern in #zusammenlachen?,0,2
155,@EnuergSakul @oida_grantler @Karl_Lauterbach Bl√∂dsinn.,1,1
156,@SchaferDer @Karl_Lauterbach Offensichtlich kennen Sie nicht die Situation. Assistenzkr√§fte kommen jeden Tag. Wechselndes Personal. Pflegedienst auch. Nur Letztere werden √ºberhaupt getestet. Assistenz f√§hrt mit den √∂ffentlichen Verkehrsmitteln. D.h. die derzeit zum Schutz eingef√ºhrten 1/2,2,2
157,"@Tagesspiegel seit wann hat ne 10% Partei da was zu melden? der Chauvinist #Kubicki u der realit√§tsferne ""lieber nicht regieren als bla bla.."" @c_lindner nehmen sich nach wie vor zu wichtig. #niemandbrauchtdieFDP",1,1
158,@Karl_Lauterbach achso ich dachte 70% der Leute sind so super gesch√ºtzt? Ist das da ber√ºcksichtigt oder lieber nicht damit man da sch√∂n Panik verbreiten kann?,1,2
159,@KammerLilo @ChrDorner @johannesvogel @MaurikaMa Wie ist man eine und woran merkt man das?,2,2
160,@Karl_Lauterbach Woher nehmen wir die Speicherkapazit√§t?,2,2
161,@Taifun987 @RenateKuenast @blume_im_revier Von Laschet will ich am liebsten nichts mehr h√∂ren.,1,1
162,Neues Spitzenduo der @spdde! Gl√ºckwunsch an @EskenSaskia und @larsklingbeil zur Wahl! #spdbpt21,0,0
163,"@Karl_Lauterbach gibt aber auch Probleme: wenn ab n√§chster Woche ALLE Stufen wiederkommen, birgt dies wegen Ungenauigkeit der Tests in meinen Augen zu hohes Risiko, besonders mit Blick auf Abiturpr√ºfungen kommende Woche (Inzidenz im Landkreis aktuell bei 165)",2,1
164,@Hinnerk_hero @PW8010 @DrNathanCole @_FriedrichMerz Wir m√ºssen ja nicht das selbe in zwei unterschiedlichen Threads diskutieren..,2,2
165,@RAinUMeising @VAMV_BV @fdp @spdde @Die_Gruenen @VAMVNRW @Stiftung4AE @vamv_hessen @VaMVDuesseldorf @VAMV_Berlin @DKHW_de @zff_amilie @diemias_ @diakonie @Frauenrat Gute Analyse! Altersarmut ist √ºbrigens auch f√ºr unterhaltszahlende V√§tern ein Thema.,0,0
166,"@gallenkamp @Karl_Lauterbach @c_drosten Und alle so in der Beh√∂rde ""Schnittstellen definieren?""  https://t.co/DiQyHPh118",2,2
167,"@MonikaHerrmann1 @MiKellner @ABaerbock Wieder mal aus Berlin,",2,2
168,"@leonmwalter Wenn er dann von @Karl_Lauterbach ersetzt wird, ja",2,2
169,@Karl_Lauterbach Es ist jetzt keine Zeit f√ºr √úberzeugungsarbeit. Impft die Freiwilligen egal welche Risikogruppe. #impfskandal2,2,1
170,"@pkbrln @fdp Mein bester Freund l√§uft, nach 30 Jahren, zwei gro√üen Kindern, Haus und Hof heute im Rock.  Oben genannte ist alles weg. Er wohnt im Wohnwagen.  Deshalb teile ich Ihre Ansicht keineswegs! Ganz im Gegenteil.",1,2
171,@maybritillner @ZDF @_FriedrichMerz @DoroBaer @cem_oezdemir @claudia_kade @MFeldenkirchen Merkel will unbedingt das Baerbock ins Kanzleramt einziehen soll.,2,2
172,@noz_de @DietmarBartsch @Linksfraktion Billige Polemik um f√ºr den Tag einzustimmen. In dem Gremium sitzen auch zwei Freunde von Olaf! Wie w√§rs small zur Abwechslung mit Sachverstand,1,1
173,"@froelitsch @ElisabethKaleko @Karl_Lauterbach Als sie √ºber 200 war, waren schon genausoviele geimpft. Es besteht anscheinend kein Zusammenhang.",2,2
174,"@UdoHemmelgarn @_richtig_falsch @m_ueberall @c_lindner Eher die AfD, die die Gef√§hrlichkeit des Virus verharmlost.",1,1
175,@Nasobeem @gsflairarcorde1 @OpaTweet @Karl_Lauterbach Was halten denn die Impfstoffe nicht?,2,1
176,@druminal @Buchiworldwide @Monemania @Karl_Lauterbach Haben Sie ein Problem?,2,1
177,@Karl_Lauterbach Wieso sind Impfkritiker Querdenker ?? ü§¶‚Äç‚ôÄÔ∏è Er hat noch 6 Monate Zeit - da fliesst noch viel Wasser den Rhein runter..,2,2
178,@Kachelmann @ALMevTeam @fdp And here it is: mehr Tests und nochmal h√∂here Positivrate...   https://t.co/F4gFzmvvMD,2,2
179,"@dertagesprolet @berkdo69 @OlafScholz @welt Laschet Schatz, Laschet ‚Ä¶",2,2
180,@Josef94352070 @DarkspiderGn @systemtroll @AfDimBundestag @GottfriedCurio Du lebst in deiner nationalsozialistischen Blase,1,1
181,"@SHomburg @Karl_Lauterbach Herr Homburg, wir werden sehen was in den n√§chsten 2 Monaten passiert. COVID-19 l√§sst Gr√º√üen.",2,2
182,@KuehniKev @OlafScholz @spdde ‚Ä¶und bei Fr. Kl√∂ckner  Lobbyismus in Reinstform!,1,1
183,"@KonstantinKuhle ntV: ""Augen auf bei Sputnik V Vorsicht vor der russischen Impfpropaganda"". Bei Ihnen schwappt offenbar zu viel Kalter Krieg in den Gehirnwindungen. Die b√∂sen Russen und der edle Westen. Welch krude Weltsicht!",1,1
184,"@polenz_r @ArminLaschet Ein ""Weiter so"" mit Hochgeschwindigkeit in ein Weltbild von vorgestern, gepr√§gt von kurf√ºrstlichem Gepr√§ge und galoppierender Inkompetenz. Genau das, was dieses Land jetzt braucht...",1,1
185,@LillyPolly4 @factswelcomed @rekusant @EichholtzAlex @Alice_Weidel @Th_Seitz_AfD Die Aussage ist Unsinn. Es handelt sich um zwei unterschiedliche Dinge und selbstverst√§ndlich kann auch ein in China hergestelltes Produkt entsprechend zertifiziert sein. Sind sie oft schon viele Jahre.,1,1
186,"@fbrantner @Die_Gruenen @GrueneBW @RegierungBW @MSI_BW @KM_BW Vielleicht w√§re eine erfolgreich verhinderte vierte Welle und dadurch sicherer Schulbetrieb trotz nicht geimpfter U12-Kinder der R√ºckenwind, der noch fehlt.  Ich habe ja keine Ahnung, nur zwei Kinder U12.    https://t.co/YCTpT1sS0Y",2,1
187,"@BotschaftIn @jensspahn @_FriedrichMerz @MarioCzaja @CDU Der hat jetzt jeden Tag Zeit, sich nackt mit nassem Sellerie auspeitschen zu lassen.",1,1
188,"@BMF_Bund @spdbt @OlafScholz Ich hoffe, die Politik steht zu ihrem Wort!!!  Die Zahl der Toten h√∂rt nicht auf und es werden 1500 Menschen noch vermisst!!!  Bin schwer schockiert. üò∞",1,1
189,"@JanP79 @LINKE_Klima @n_treu @dieLinke @Die_Gruenen Ernsthaft, warum?",2,2
190,"Warum also sollte ich mir eine experimentelle GenSpritze setzen lassen?  Weil ein paar durchgeknallte Pharmalobbyisten mir sonst ein Leben in einer zutiefst kranken Gesellschaft verbieten wollen? Was glauben Sie, wer Sie sind? @BMG_Bund @jensspahn (2)",1,1
191,"@kaschewi @Schmalz_fliege @Karl_Lauterbach Kinder mit Fieber schicken ist mehr als grenzwertig, und ihr habt nat√ºrlich recht, dass die vielen Schwurbler und Verweigerer irgendwo sein m√ºssen - aber eben auch die 3/4, die die Ma√ünahmen unterst√ºtzen oder sogar sch√§rfere w√ºnschen.",1,1
192,"@Karl_Lauterbach Ihr denkt wirklich die Menschheit ist genau so wie ihr auf den Kopf gefallen . Ich bin geimpft und kann trotzdem das Virus weiter geben . H√∂rt auf zu hetzten gegen die die sich nicht impfen , hetzte geh√∂rt nicht der Demokratie sondern ist ein Instrument der Spaltung und Diktatur",1,1
193,@SteMy99116089 @dunklesritual @Karl_Lauterbach @zwanzigzwanzig2 Dann kollabiert die Wirtschaft,1,1
194,@Karl_Lauterbach @maischberger Ach mal was ganz neues üòÇüòÇüòÇüòÇüòÇüòÇüòÇ Wer schaut sich bitte diesen instrumentalisierten Bullshit an? Ach stimmt die Impfj√ºnger und geifern nach dem n√§chsten Booster Schu√üüôÉüôÉ Puhhh...,1,1
195,"@BMWi_Bund @N_Schmid @peteraltmaier @Markus_Soeder Dass die ganze Problematik ein sehr kleines Restbudget hat, also die Zeit eine enorm wichtige Rolle spielt, kann oder will man in Dieser Regierung und ihren Ministerien und der CDU offenbar nicht verstehen. Zahlen, Fakten, speed matters.   https://t.co/3hrQ52S4I7",1,1
196,@vt27kolt11 @the_fesxh @Karl_Lauterbach Und von Konjunktiv haben Sie vielleicht auch schon mal was geh√∂rt.,2,2
197,@VanHarth @Karl_Lauterbach Jetzt verstanden?,2,2
198,"@spdde Super diese Probagander die schon 50Jahre alt sind, und bitte lassen sie sich mal was einfallen Sinnvolles.",1,2
199,"@LondonSPD @OlafScholz @spdinternation Tja, auch die SPD hat Luxusexpats! Auf Kosten der Steuerzahler! Irre!",1,1
200,"@Joerg_Rehmann @thinkBTO @MichaelBroecker @jensspahn @c_drosten @tagesthemen Nein. Auf geimpfte mit AstraZeneca, gemessen in Januar und Februar. Aber Sie d√ºrfen weiterhin denken. Gerne, sogar.",0,2
201,@cducsubt @AntjeTillmann @MatthiasHauer @BMF_Bund Lehre Nr. 1: Nie mehr CDU/CSU w√§hlen!,1,1
202,"@Tarek_Bae @Die_Gruenen ... Dabei m√∂chte ich √ºbrigens betonen, dass ich nicht die Worte von Cem, sondern die von ihm zitierten Worte f√ºr latent rassistisch halte. Dass er das so unkritisch verwendet und sich indirekt zu eigen gemacht hat, finde ich ungl√ºcklich bis problematisch.",1,1
203,@Stainlesdg @AB25441325 @Tom09303170 @HeikoMaas Das stimmt.,0,2
204,"@MichaelBroecker @Die_Gruenen @fdp Ja davon ist viel drin finde aber auch die SPD muss sich nicht verstecken mit der Abschaffung von Hartz4, 12‚Ç¨ Mindestlohn oder dem Thema Eohnungen da ist viel SPD dabei",2,0
205,"@AnthroBlogger @Die_Gruenen Querdenker sind f√ºr mich die Leute die in und um die Bewegung von Ballweg bekannt geworden sind. Mich st√∂rt immer wieder, wenn Leute die nicht aus diesem Umfeld kommen und einer anderen Schwurbler Bubble angeh√∂ren denen zugeteilt werden.",1,1
206,"@Die_Gruenen @MiKellner Viele Studenten die 18 geworden sind, anders kann ich mir den Zuwachs nicht vorstellen. Welcher normal denkende Mensch, tritt freiwillig den Gr√ºnen bei?",1,2
207,@freizeitgraf @Babs99131965 @Karl_Lauterbach @Markus_Soeder @MichaelPiazolo Noch nen Epidemiologe hier??,2,2
208,"@BriHasselmann Gibts ja nicht, wir haben das gleiche Lindbergbrillengestell.",2,2
209,@PaulZiemiak @ArminLaschet Unerwartete Innovation der #CDU und Armin #Laschet. Sie habe eine Zeitmaschine entwickelt um ein #Modernisierungsjahrzehnt einzuleiten.,2,0
210,@23rasm @VQuaschning @spdbt @Die_Gruenen @fdp Auf den Punkt gebracht.,0,0
211,@kruse_michael @SusanneHennig @dieLinke Wirtschaftskompetenz √ºberzeugt halt letztendlich immer  https://t.co/TFUu8zqM5B,0,0
212,"@KatjaMast @Walnusskipferl @spdde @spdbt Eingebettetes Verbreiten von rassistischem Content ist auch Multiplikation. Auch Emp√∂rung ist ein Vektor f√ºr toxisches Gedankengut. Ein hoch wirksamer obendrein. Seit Jahren verwechseln wir Emp√∂rung mit Abgrenzung, dabei ist es das Gegenteil.",1,1
213,"Uff... 18.000‚Ç¨ (und es geht weiter)! #MaskenFreiF√ºrAlle - #l√§uft (K√ºsschen an @DaniLudwigMdB) bei uns.   Mehr Geld, Mehr Masken!  Also spendet, spendet, spendet!   https://t.co/PI0M5f6ZKw",0,2
214,@MAStrackZi Autsch  https://t.co/AvkKT1F7o0,1,2
215,@CSU @Markus_Soeder @AfD es ist ausdr√ºcklich nicht die AfD die das GG mit einem Infektionsschutzgesetz aushebelt..,2,1
216,"Werte @die_gruenen, dass #Habeck sich gestern bei #Illner hinsetzte und das Nichthandeln der Politik mit der ""Tr√§gheit des Menschen an sich"", also auch des Politikers, suchte zu begr√ºnden, spuckt der Bev√∂lkerung ebenso ins Gesicht wie ""Wir hatten nicht die Informationen... 1/",1,1
217,@hahnflo @dieLinke Die @CDU h√§lt den ‚Äûroten Ratten‚Äú doch sogar den Steigb√ºgel. #Thueringen,1,1
218,"@Beatrix_vStorch K√∂nnen Sie auch normal reden, ohne zu diffamieren und zu beleidigen?  Sie und ihre Partei sind eine Schande f√ºr Deutschland!",1,1
219,@PaulZiemiak Vor einem halben Jahr w√§re solches Gerede eher glaubw√ºrdig gewesen. Denn da h√§tte man das wirklich noch organisieren k√∂nnen.,2,1
220,"@HerbertTschink1 @AfD Absolut‚Ä¶ Euro, EU, Fl√ºchtlinge Corona, Klimawandel. Dagegen ohne Konzept - brauch man ja auch nicht weil man eh nie in Regierungsverantwortung stehen wird. Dazu vom nichtstun intern aufgerieben‚Ä¶denke nach Corona ist Schluss und es gibt eine neue ‚ÄúAlternative‚Äú.",1,1
221,@CDU @CDU_BW @SWRAktuellBW @SWRpresse @connectcdu @Junge_Union @jubw Warum habt Ihr den absoluten STUSSTYP wie LUSCHET gew√§hlt!! UMNACHTUNG ??,1,1
222,@drumheadberlin @jreichelt @jensspahn @BILD_Politik Julian wirkt wie ein Himbeeraffe,2,2
223,@SteffenAus @BZ_NachtFloh @spdberlin @fiedelseb @GeorgMaier8 @borispistorius @FranziskaGiffey @OlafScholz @spdfraktionbln Danke.,0,0
224,"@cducsubt @rbrinkhaus @ZDF Noch besser? Nicht nur weiss, sondern auch noch rein. Ariel. #arielwerbung",0,2
225,"@Danulinka33 @christianswelt @larsklingbeil ""Merkels Verfassungsgericht"" Oh boy üôÑ Muss anstrengend sein in einer eingebildeten Diktatur zu leben.",1,1
226,@grandedomi @povdaydreamin @buteragoal @ArminLaschet ohüò≥ doch nicht gut gemacht @BibisBeauty,1,1
227,"@NaikeLeNormand @jonnystone85 @torner_tv @Karl_Lauterbach @JanJosefLiefers Monikas Tweet ist nicht dumm, noch ist sie ein Troll. Eine Meinung an Follower zu b√ºndeln ist definitiv nicht besser...",2,0
228,"@GAusdersonne @Karl_Lauterbach 2/2  2. Die andere Studie 900x ist vom November 2021  Also wie gesagt. Einfach mal alles lesen, und dann schwurbeln. Die Daten, die bis 2008 gesammelt wurden, mussten schlie√ülich 10 Jahre beobachtet werden. Steht auch da, wenn man es gelesen h√§tte.",1,1
229,@various_corn @Der_ZAW @Der_bvdm @OlafScholz Grade eben in der FAZ-App gesehen...üòÇ  https://t.co/vjNtQmG2Po,2,2
230,@sschyvonne @Karl_Lauterbach Mal sehen was Ihr Mitl√§ufer macht wenn Ihr zu Tausenden keinen Job mehr habt . Dann ist das Geschrei und Gejammer gro√ü . Nur zu ! Der Deutsche hat aus seiner Geschichte nichts gelernt . üòâzumindest die √ñsterreicher scheinen langsam aufzuwachen,1,1
231,@OlafScholz @KarambaDiaby Wer hat uns verraten ?? Die #Sozialdemokraten !!,1,1
232,"@jankortemdb @Heiderosie Letztlich wird sich die Regierungspolitik wohl weiter darauf ausruhen, dass sich Millionen B√ºrger zwischen Essen und Maske entscheiden m√ºssen. Und dann wieder √ºberrascht tun, dass sich die Ansteckungen nicht weiter nach unten entwickeln.",2,1
233,@glr_berlin @KonstantinNotz Keine Rechtfertigung f√ºr das Verhalten der Demonstranten.  Die Ereignisse sind das Ergebnis des Handelns der @PolizeiSachsen in der Vergangenheit.  #dd1303,2,1
234,"@ryut054KuR4 @Klaus0604 @gruene_jugend @Die_Gruenen Wenn Sie sich aus der argumentativ en Sackgasse befreien wollen, indem Sie so tun, als w√§re Ihre Position irgendwie schwer zu verstehen, okay.  Ist sie halt nicht. Sind rechte Positionen selten.  Sie wollen offenbar, dass Gefl√ºchtete f√ºr Straftaten h√§rter bestraft werden 1/",2,1
235,"@ZDFheute @saschalobo @rbrinkhaus Brinkhaus war erstaunlich schlecht vorbereitet und d√ºnnh√§utig. Zeigt, dass #CDU noch nicht den Schuss geh√∂rt hat. Findet sich ziemlich toll in der Pandemie. Es ist KRISE - aufwachen! Wir lassen euch nicht alles durchgehenü§™",1,1
236,@Karl_Lauterbach Wer bezahlt dich f√ºr deinen geistigen D√ºnnschiss?,1,1
237,"Wie kann man so eine Riesenchance nur so in den Sand setzen @Die_Gruenen ? RTL-Trendbarometer zeigt leider nur abw√§rts. Fast √ºberall wo ich hinkomme wird negativ √ºber euch gesprochen. Klimafakten hin oder her, ihr habt die Sympathien aktuell verspielt @ABaerbock",1,1
238,"Wie d√§mlich ist eigentlich die PR-Abteilung der @CDU, so einen tweet NACH Karfreitag rauszuhauen?? Oder in dieses Internet so sehr Neuland? Braucht's soviel Freigaben f√ºr einzelne tweets???",1,1
239,"@tiherrma @OlafScholz @spdde Das ist kein Regierungswechsel, denn die SPD ist Teil der Regierung und zwar 12 Jahre lang in den letzten Jahren und damit Mitverursacher der Probleme, die sie jetzt angeblich l√∂sen will.",1,1
240,@ArminLaschet Hoffentlich klappt es diesmal mit der geheimen Wahl bei Armin!,2,2
241,"@jensspahn @CDU @CSU Auch ich habe den Eindruck, da√ü die #NieMehrCDUCSU ihre Aufgabe, einen Dienst anzubieten und f√ºr uns B√ºrger zu arbeiten nicht vollumf√§nglich verstanden hat. Schade.",1,1
242,@Seedex5 @Stoeggl @Dzienus @Twitter @Alice_Weidel @Joerg_Meuthen @Beatrix_vStorch @BjoernHoecke @AfD @AndreasKalbitz @Tino_Chrupalla @Frohnmaier_AfD @GottfriedCurio @M_HarderKuehnel @KestnerJens @Frank_Magnitz @CorinnaMiazga Der liksradikale @Dzienus  in seiner goebbelsmanier ist kaum besser   Solche Leute sind geistige Brandstifter wie Trump,1,1
243,"@PaulZiemiak @ArminLaschet Klingt nicht so √ºberzeugend dein Video ü§î, was ist denn nun mit den sozialen Wohnungsbau?",1,1
244,"@eska_liert @o_jthe @c_lindner @ABaerbock Schade, dann war dein Tweet so Inhaltsleer wie vermutet",1,1
245,"warum kriegt Deutschland das nicht hin? @Die_Gruenen @GoeringEckardt  @spdde @OlafScholz  @fdp @c_lindner   In Bayern @BayStMI @Markus_Soeder ? Die H√ºtte brennt! Weihnachten steht vor der T√ºr! Die Kinder wollen ihre Eltern, Gro√üeltern,Onkels+Tanten nicht anstecken #Kinderimpfung",1,1
246,"@Mister_3M @StBrandner Was versteht man denn unter einer ""Denikratie""?",2,2
247,"@PetiPower @1900HO @spdde @Die_Gruenen @fdp Noch ist amtierend verantwortlich: Merkel, Spahn.",2,2
248,@MichaelBroecker @frank_thelen @gaborsteingart @spdde @Die_Gruenen @dieLinke Wollten nicht auch alle Hollywood Stars die USA belassen damals ü§∑üèª‚Äç‚ôÄÔ∏è wei√ü man da heute mehr ?,2,2
249,@Pat_Ruso @Karl_Lauterbach Stimmt - ist ja auch wichtiger den Anruf von der Oma anzunehmen und zu twittern anstatt sich um seinen Job als Politiker zu k√ºmmern.,2,2
250,"@Tierverliebt181 @NurderK @Ricarda_Lang Oh ja, Milchreis... besonders im Studium musste das oft sein. Eine absolute Katastrophe f√ºr jemanden wie mich, der eh schon mit ED zu k√§mpfen hatte. Aber wir sind ja nur arme Leute, keine richtigen Menschen.",1,1
251,"@ChildOfGodGER @AugusteCalami Kann man mal pr√ºfen, wie das mit Straft√§tern und Abzuschiebenden in Deutschland ist? @AfD_Bayern @AfD_Bayern_LT @Alice_Weidel",2,2
252,@Maddo1976 @2000henry_ @Karl_Lauterbach Ich sag ja ... f√ºr Kloppies,2,2
253,@moellerdav @OlafScholz Was f√ºr ein bullshit... üò≠,1,1
254,"@Ricarda_Lang @EskenSaskia Es kann auch an der Ideologie von Saskia Esken liegen, dass sie nicht so sympathisch r√ºberkommt, vor allem nicht bei Menschen, die schon den Sozialismus erleben musste.  https://t.co/T0xhuS2vxR",1,2
255,"Ui, das gro√üe Deutschland ü§° @RegSprecher @Die_Gruenen @Markus_Soeder @OlafScholz @wissing",0,0
256,@Karl_Lauterbach Wird Hansi #Flick nun eingeladen in Ihre Show ‚ÄûMarkus #Lanz‚Äú?,2,2
257,@c_lindner Ist das hier ein Satire-Account? ü§°,1,2
258,"@Karl_Lauterbach Das hat mit Verstand zu tun, der ihnen leider fehlt, leider ist es in der heutigen Politik von Vorteil,wenn man ohne jeden brauchbaren Verstand ist,ein besonderer Vorteil keine ordentliche Ausbildung,vor allem bei der erreichten Qualifikation l√ºgen, wie es ihnen zu sein scheint",1,1
259,"@JochenH_14 @MdBdesGrauens @KonradSybille @saschalobo @spdde @CDU @spdbt @rbrinkhaus Da gebe ich ihnen recht, trotzdem geht Pandemiebek√§mpfung nur mit Selbstdisziplin aller B√ºrgerinnen und B√ºrger.",0,2
260,"@CDU Achso, ich war √ºbrigens die letzten, eigentlich seit immer, CDU W√§hler. (K√∂nnt ihr nachpr√ºfen) Nun nicht mehr",2,2
261,"@_FriedrichMerz Sie wissen aber, wer in den letzten Jahren regiert hat?! #NieMehrCDU",1,2
262,@EskenSaskia @NowaboFM @spdde @OlafScholz @spdbt @larsklingbeil Hilflose Lockdowns und Schulden ohne Ende habt ihr auf den Weg gebracht. Da muss mehr kommen.,1,1
263,@hahnflo Das k√∂nnen wir uns dann auch gerne schenken.  https://t.co/66E3sPyHjg,0,2
264,@welt Hr. @jensspahn m√∂chte vor dem unr√ºhmlichen Abgesang noch mit einer guten Tat in bester Erinnerung bleiben. (W)Er weiss wof√ºr‚Ä¶üòÇü§î @cducsubt: genau das ist euer Problem. Das Festhalten an solchen Kollegen.,1,1
265,"@DerGraue2 @Joerg_Meuthen Normal so : Unschuldig , bis zum Beweis der Schuld.  Bei Linksfaschisten so : Schuldig , bis zum Beweis der Unschuld. Die AfD hat die korrekten und vorgegebenen Schritte eingeleitet und jetzt hei√üt es : Beweise sammeln",1,2
266,"@MaxiKoenig @Karl_Lauterbach @michaelmina_lab Deshalb Schnelltests als Eingangsritual: mit einer echten Inzidenz-Schleuse vor Schulen und wir haben eine *erwartete Indzidenz* (P Superspreader x Anzahl Angesteckte auf 100.000) von unter 30, mit Masken noch weniger.",2,2
267,"@n_roettgen @Junge_Union Neben Ihrer Expertise in strategischen internationalen Fragen, sind Sie der Kandidat, der sich wirklich offen und engagiert mit Zukunft besch√§ftigt, die √ºber eine Legislatur hinaus gehen. Mutig und glaubw√ºrdig. Respekt und Gl√ºck auf!",0,0
268,Aktien und Rente. Das funktioniert. Erkl√§rt @johannesvogel im @handelsblatt. #aktien #bux   https://t.co/MIjayXJXSt,2,2
269,"@spdde @OlafScholz mit einem Wumms aus der Krise. Sorry, das ist Volksverbl√∂dung",1,1
270,@mmonsomm @GesetzDesTages @dbk_online @AfD Man kann viel zu Hause. Aber Glaube lebt in Gemeinschaft.,2,2
271,@m29091899 @SoniaMarima @twiag1985 @AnneWillTalk @jensspahn @annewill Die Maske hat mit Sicherheit keinen Einfluss auf Sozialkompetenz und Interaktion.,2,2
272,@Karl_Lauterbach Schulen und Kitas endlich schlie√üen!!!!,2,1
273,@Verstehdiewelt1 @RAinDiercks @EskenSaskia @OlafScholz @NowaboFM @HBraun @RegSprecher @Markus_Soeder @ArminLaschet @jensspahn @c_lindner @Wissing @ABaerbock @GoeringEckardt Sozialdarwinismus. Also beides ;),2,2
274,"@HenningT6 @Frau_Horchert @sixtus @HonkHase @FrauStahlhut @anked Mu√ü man denn heutzutage gegen JEDEN Irrsinn klagen, damit er verschwindet. ü§¶‚Äç‚ôÇÔ∏è",1,1
275,@Lancker13 @KinderdocNina @ZDF @ZDFheute @morgenmagazin @werichhier @SichereBildung @HBraun @Karl_Lauterbach @DirkBrockmann Okay. Der Punkt schlie√üt jede weitere Unterhaltung aus. Schade.,1,1
276,"@JulianWeigl @OlafScholz @spdde Es geht hier um (fehlenden) R√ºckhalt f√ºr Scholz in der SPD bzw. die Frage, was f√ºr eine SPD bek√§me man jetzt in der Regierung.",1,2
277,Servicetweet f√ºr @KM_BW | @KM_BW | @MSI_BW | #KMK | #MPK |  @Markus_Soeder | @RegHessen | @MPKretschmer | @ArminLaschet | @jensspahn | @MpStephanWeil | @PrienKarin | @cducsubt | @Karl_Lauterbach | @spdbt | @fdp | @Die_Gruenen | @HBraun | @rbrinkhaus | @DIEZEIT | @ntvde,2,2
278,"@DaniLudwigMdB @AZ_Augsburg Weder Presse noch Politiker haben zu entscheiden was ""richtig"" ist‚ÄºÔ∏è",2,2
279,"@jobrcknr @dnlhckn @StefanThumann @gepardtatze @bwgruen @Die_Gruenen Sie halten die Politisierung von Dienst f√ºr Progressiv. Ich halte es f√ºr eine fatale Entwicklung, fr√ºher hatte nur Rotland Polit-Offiziere, davor nur Braunland. Zur Inf√º, zu viele flei√üige dumme, wie KHE sagen w√ºrde.",1,1
280,"@OlafScholz Und deswegen half es das wir im Internet durch Youtube z. B. Uns ablenken k√∂nnten. Welches uns die SPD, und vieles mehr, im Sommer uns durch die Uploadfilter nehmen wird.  #NiemehrSPD",1,1
281,@kruse_michael @SusanneHennig @dieLinke Mister April auf Stimmenfang ü§£ü§£ü§£ü§£,2,2
282,"@NoCoProHepa @Andi_Wagner @Markus_Soeder @klausholetschek So ist es. Jetzt mu√ü sich jeder selbst helfen. Von der Politik kommt nichts mehr, die sind gel√§hmt und Matsch in der Birne. Selbst einfachste Entscheidungen wie #PraesenzpflichtAussetzen f√ºr 4 Tage k√∂nnen sie nicht mehr treffen. #MarionettenDerGier #Staatsversagen",1,1
283,"@HalleVerkehrt @CDU @jensspahn Du hast inkompetent vergessen. Ich glaub nicht das ein Gesundheitsminister durch die Bankkaufm√§nnische oder Politikwisssenschafliche Bildung medizinische Kompetenz erlangte, vielleicht durch die Lobbyarbeit, oder die 25% Firmenante die ein Abgeordneter haben darf?",1,1
284,"@claus83922144 @jensspahn Wei√ü nicht, aber damals waren die Masken extrem.knapp. Wenn die Preise okay sind darf man das als unb√ºrokratische Hilfe betrachten- insbesondere als er nicht involviert war.",2,0
285,"@polenz_r @jensspahn Die Kritik ist, da√ü in vielen Punkten (auch weiterhin) die Empfehlungen der Wissenschaft standhaft ignoriert werden und in diesem Punkt sofort reagiert wird.  Das zu unterscheiden sind sie zwar durchaus in der Lage, doch ihr Parteibuch versperrt ihnen scheinbar die Sicht. Schade!",1,1
286,"@Junge_Union @jensspahn Wer Demokratie sch√§tzt und ein gewisses Ma√ü an ehrgef√ºhl gegen√ºber unserer Demokratie und dem Land hat, nutzt nicht seine Position aus um sich zu bereichern Herr Spahn... Mit jedem Fall von Korruption schadet man dem Ansehen der Demokratie in diesem Staat!",1,1
287,@denis_waldaestl @alexander_jorde @spdde @OlafScholz @spdbt Wenns wichtig genug ist sagt man halt Schluss mit regieren. Braucht halt R√ºckgrat.,2,1
288,"@NeffButz @LindaBr68361668 @Karl_Lauterbach Es ist aber mit Sicherheit schonmal ein gro√üer Fortschritt, wenn man die weitere Ausbreitung im Klassenverbund eind√§mmt. Das scheint ja auch viel zu oft ignoriert zu werden.",1,0
289,@larsklingbeil CDU und ihre Brandmauer nach rechts mal wieder‚Ä¶  https://t.co/B9Nwyt0phS,2,1
290,"@ogimichael @MarcoBuschmann Ich kann es auch nicht beurteilen, aber Deutschland bewegt sich zusammen mit Belgien bei 50% Einige L√§ndern schaffen das alles f√ºr die H√§lfte (z.B. Schweiz), der EU-Schnitt liegt bei 36%.  https://t.co/LoOCACryon",2,2
291,@JoanaCotar Das w√§re mal ein richtiger ‚Äû Wumms‚Äú,2,2
292,"@derya_tn @NaseRuben @katie_cavalier @RaphaelStella @G_H_Thomsen @spdde In den letzten beiden LTW haben nur 2 Parteien zugelegt. Beide Parteien der noch Groko haben 2mal Zustimmung verloren.  Da Signal ist deutlich gewesen, auch wenn die SPD gefeiert hat. Im gr√ºnen Schatten k√∂nnte die SPD wieder mitregieren, leider.",1,1
293,@delarabur @OlafScholz @jusos @spdde K√∂ln wieder modern machen: Jede Stimme im Wahlkreis 93 z√§hlt.  https://t.co/nvdbbLGmaw,2,2
294,@Rene84935027 @Alice_Weidel @OPiechotzke @jensspahn ihr seid so seltsam gest√∂rt ihr typen,1,1
295,@SWRAktuellBW @cem_oezdemir @GrueneBW @DLF Ohne werden wir es nicht schaffen.,1,2
296,@StBrandner Hier eine Anleitung f√ºr deine Meinung  https://t.co/wizBfb0Vxi,2,2
297,"@JoanaCotar @BuengerMichael Logisch, wer sonst?",2,2
298,"@NilsGerster @Die_Gruenen @ABaerbock @zeitonline Die erneuerbaren Energien scheitern doch nicht am Geld, sondern an gr√ºn-brauen Querfronten, die landauf-landab immer h√§ufiger, vehementer und sehr erfolgreich den Neubau von Windkraftanlagen, Stromtrassen, etc. verhindern!",1,1
299,@danylevyyy @GoeringEckardt @Die_Gruenen Dass viele illegale Migranten aus Afrika in ihren Herkunftsl√§ndern wesentlich weniger CO2 verursachen ist kein Geheimnis. Dar√ºber darf man aber nicht sprechen.,2,2
300,@ThomasKnorra @CSU @Markus_Soeder Das ist Bl√∂dsinn.,1,1
301,"@Viva_la_vita_0 @Jasonvj2005 @ArminLaschet @RegSprecher @ethikrat @Markus_Soeder @sixtus Wow, und ich dachte, wir w√§ren mit #Eisenmann gestraft. Bei uns in BW ist wenigstens die Pr√§senzpflicht aufgehoben. ""Schlimmer geht immer!""",1,0
302,@SvenSchi1968 @ria_schroeder @fdp Es geht ja hier nicht allein um Sprache. Gerne mal auf der Seite des Ministeriums f√ºr Schule und Bildung in NRW schauen. Da finden Sie die Infos. üòÉ,2,2
303,"..stell dir vor, es ist #TalkshowZeit und der @Karl_Lauterbach schl√§ft..#Ph√∂nixVorOrt  https://t.co/82p6y0IteX",2,2
304,@Ralf_Stegner Wenn eine Volksvertreterin das Volk nicht aush√§lt ü§∑üèª‚Äç‚ôÇÔ∏è Fackeln gab's √ºbrigens auch zum Zapfenstreich der Kanzlerin unter Anwesenheit von O. Scholz.,2,1
305,"@DavidTesch18 @JoanaCotar Nur noch H√§uptlinge, keine Indianer mehr ! Oh sorry, ist ja politisch nicht korrekt üôà",2,1
306,@PhiKuro @_FriedrichMerz @Markus_Soeder Und so wurde mir das angezeigt:  https://t.co/woGxKSgEOk,2,2
307,"Kanada versengen, vor Mexiko das Wasser anz√ºnden, Bohrplattformen explodieren lassen, Deutschland absaufen lassen. Ich find ja, @Die_Gruenen k√∂nnten eine etwas weniger dramatische Kampagne fahren.",1,1
308,"Aus meiner Sicht hat @EskenSaskia zu genau einem Thema stabile Positionen: Netzpolitik.  Dass die SPD jetzt unter ihrer F√ºhrung IT-Sicherheitsl√ºcken staatlich nutzen statt schlie√üen will, sagt alles dar√ºber aus wie erfolgreich es war sie als Vorsitzende zu installieren.",2,0
309,"@RC_KH @AdrianPimemento @Karl_Lauterbach Sch√ºler w√§ren nat√ºrlich gar nicht infiziert, wenn man nicht testen w√ºrde, n√§?",2,2
310,"@pelagicbird @Karl_Lauterbach Die Studie behandelt den Januar-Ausbruch nach erster Dosis. Wir reden hier aber von aktuellen Ausbr√ºchen wie dem in Leichlingen im April nach zweiter Dosis (geimpft im Januar). Oder glaubst du, die zweite Dosis kann auch nach 2-3 Monaten immer noch nicht wirksam sein?",2,2
311,"@CorneliusRoemer @jensspahn @Karl_Lauterbach Punkt 1 und 2 k√∂nnen schon mal gestrichen werden: Keine Vorteilnahme bei den Masken, da Weitergabe zum Einkaufspreis durch Burda. Nationale Impfbestellung wurde durch Spahn schon eingeleitet, aber durch Merkel gestoppt und an die EU gegeben.",2,2
312,"@c_lindner @fdp Dann stellt doch mal euer Konzept vor... nicht immer nur kritisieren, erstmal was sinnvolleres vorschlagen üëèüèªü§∑üèª‚Äç‚ôÄÔ∏èü§¶üèª‚Äç‚ôÄÔ∏è",1,1
313,@marcfriedrich7 @Karl_Lauterbach Den kann man doch schon lange nicht mehr ernst nehmen.,1,1
314,"@nulleberg Das musste jetzt aber auch verstehen. Wer wei√ü, ob der @c_lindner beim n√§chsten Mal noch dabei ist. Und sonst wird er ja nie #Finanzminister",2,1
315,"@ben_brechtken Es gibt sowas, das nennt man zwangslizenz, dann k√∂nnen mehrere produzieren aber wir m√ºssen die Grundrechte und Patente daf√ºr nicht aussetzten. Aber das scheint zu hoch zu sein f√ºr die Bundesvorsitzende der @jusos",1,1
316,@Lieselotte2604 @c_lindner @fdpbt Wer ist Christian Lindner? Ich dachte ja immer ich kenne alle ernst zunehmende Politiker... komisch!,1,1
317,"Kann man eigentlich davon ausgehen, dass solche Pseudo-E-Autos unter Verkehsminister @Wissing keine steuerfreien E-Kennzeichen mehr erhalten? @FDP @SPDde @Die_Gruenen @BMVI #emobility #Verkehrswende #Wissing #Ampel  https://t.co/8oLwWAFsNu",2,2
318,@InteresseAnPol @MaulendeMyrthe1 @AfDimBundestag @Beatrix_vStorch Zu 1. Nein. Sie leugnen den menschlichen Anteil. Der absolut vorhanden ist  https://t.co/5R77Ps7tmB,1,1
319,"@jankortemdb @Linksfraktion @dieLinke Wann f√§llt endlich allen Sozialisten auf, dass nur die Kernkompetenz von @Die_Gruenen, @spdde und @dieLinke zusammen gen√ºgt, dieses Landes zu regieren und in eine √∂kosoziale Marktwirtschaft zu f√ºhren? #btw21 #r2g",2,2
320,@tonline #Sch√§uble (Geldkoffer) &amp; @cem_oezdemir (Miles&amp;More) die beiden Korruptionsspezialisten zur #CDUKorruption in der @ARD_Presse #Landtagswahl2021 #ltwbw21 #ltwrlp21,1,1
321,@TFruehmark @Karl_Lauterbach (und ich prompt so: zapp! zapp! ja wo spricht er denn? ;-)),2,2
322,"@Ralf_Stegner Fakt ist, dass ihr lupenreine Faschisten seid...",1,1
323,"@CDU @_FriedrichMerz Man sieht deutlich an dieser Abstimmung, wie weit die letzte CDU-F√ºhrung schon ins Links-Gr√ºne abgedriftet ist.",2,1
324,"@NowaboFM @jusos @jessi_rosenthal @KuehniKev Lern deutsch, affe",1,2
325,"@einandererblog #Gruendeppen an sich sind Menschen, die die Probleme schaffen, f√ºr deren L√∂sung immer Andere verantwortlich sind.  @Die_Gruenen @dieLinke @spdde",1,1
326,"@AliCologne @_FriedrichMerz Womit dann belegtes, das mit der Sprache sich nichts verbessert sondern nur durch Gesinnung",2,1
327,"@chris_pyak @holgerkopp @HLiepelt @MartinWaltherDD @LiberalMut @_neededCitation @TeamSnolly @humbughund @ActiveLiberals @realTomBohn @OperationHeuss @BenjaminLaepple @lofferg @roberto_blanko @KonProg @ToniTWildgrube @c_lindner @Wissing @MarcoBuschmann @fdp @_MartinHagen @ben_brechtken Das war um 2015 eines der gro√üen Streitthemen unter Libert√§ren. Es ist in vielen Dinge eben nicht so einfach Fragen auf die konsequente Haltung zu einem Thema herunter zu brechen und jenen die die vermeintliche Gefahrenabwehr h√∂her gewichten als falsche ""Libert√§re"" zu bezeichnen.",1,2
328,"@c_v_e_n @SWagenknecht Jap, das war der finale Sargnagel f√ºr die Linke was die W√§hlbarkeit angeht.   Geschwurbel vom feinsten.",1,1
329,"@Fleming97616386 @Die_Gruenen @ABaerbock @zeitonline Man merkt, dass Sie sehr weit von der Wissenselite entfernt sind.",2,1
330,"Ich korrigiere mich: Bin mir bei manchen Aussagen nicht sicher ob sie von @c_lindner, #steinbach  oder @Alice_Weidel  kommen  #lindner ist mit seiner 200 Inzidenz Tafel definitiv unw√§hlbar. wie die AFD.",1,1
331,"Warum jetzt Pfizer-Impfstoff f√ºr Kinder? Aber Erwachsene, die Angst vor #mRNA #Vektor und das  Risiko #Intensivpatienten zu werden, haben und sich sofort mit #Valneva #Novavax #impfen lassen w√ºrden, m√ºssen weiter warten? @jensspahn @Karl_Lauterbach",1,1
332,"@CSU @Markus_Soeder @CDU Nicht w√§hlbar! Die Union hat es au√üerdem abgelehnt, auch die Vermieterinnen und Vermieter zur H√§lfte an den Zusatzkosten durch den CO2-Preis auf √ñl und Gas zu beteiligen. Wie lost!",1,1
333,"@lizvlx @Karl_Lauterbach Haben Sie auch irgendein inhaltliches Argument? Oder passt Ihnen nur nicht, dass in den Altersgruppen mit st√§rkerer Schnellbetestung in üá©üá™ (laut RKI) die Positivraten zuletzt GEFALLEN sind?  https://t.co/Mywwn6p1HV",1,1
334,@Die_Gruenen @spdbt @DiL_LINKE @fdp @BMG_Bund @cducsubt  wann h√∂re ich etwas von den Parteien zu den Digitalisierungspl√§nen im Gesundheitswesen? Im Wahlkampf totgeschwiegen - dabei sind durch Zwang der Praxen zur #TI und die zentrale Speicherung der #ePA #PatientendatenInGefahr,1,1
335,@Markus_Soeder  was ist blo√ü aus deinem Platz in Bayern geworden ? LOL √ÑH,2,2
336,@ich_bins_jetzt @maddi_madlen @MaBBusOnFire @Joachim_Kuhs @Die_Gruenen @spdde @dieLinke Habe mich jetzt auch nur noch an @maddi_madlen gerichtet.,2,2
337,@niewitecki @JoanaCotar Was w√ºrde sich denn bitte √§ndern?,2,2
338,@Markus_Soeder Ist das der Bayerische Humor üòÇ,2,2
339,"@KuehniKev Der guten Ordnung halber: wer spd w√§hlt, w√§hlt einen Kandidaten, der sich vorzugsweise an nichts erinnert und so versucht, sich rein zu waschen. Cum ex, Wirecard, Verzinsung Steuerschuld (Abwarten auf h√∂chstrichterliches Urteil): einen senilen, passiven Kanzler braucht kein Land!",1,1
340,@PaulZiemiak @BerlinReporter Keine Aufregung. Das ist ihr Wunschkoalitionspartner. #CDU Heuchelei.,1,1
341,"@larsklingbeil @LillyBlaudszun @PaulZiemiak Quatsch, Schil ist ein Europaer",1,2
342,@bruno_wissing @AndreasLahmeWD @ArminLaschet @LEE_NRW @WDRaktuell @Westpol @ZDFnrw @landnrw @WestfalenW @SL_NaturEnergie @abo_wind @ProwindGmbH Weiss ich momentan auch nicht. Und jetzt?,2,2
343,@lischa33 @Karl_Lauterbach @rki_de Was soll die Polemik hier? Es geht um Fakten und Tatsachen!,1,1
344,"@ralphkamphoner @ArminLaschet @OlafScholz Glauben Sie das selbst oder werden Sie dazu gezwungen? Armin Laschet ist das genaue Gegenteil dessen, was Sie beschreiben. Die Ampel hat jetzt schon mehr bewegt als Merkel in 16 Jahren Regierung und noch etwas, was war eigentlich mit der Digitalisierung? Wer hat das verkackt?",1,1
345,"@MarcoBuschmann Der naechste Baerbock geschossen,der den Gr√ºnen Stimmen  kostet .  Mit der richtigen Frau  an der Spitze kann man einen Wahlsieg so richtig vergeigen. Gr√ºne  im Sinkflug. Sieht schlecht aus f√ºr  gruen gelb.  Da hilft auch  kein  Abwiegeln.",1,1
346,"Sollte √Ñthiopien √ºber den Tigray-Konflikt auseinanderbrechen, w√§re das eine Katastrophe f√ºr die ganze Region, warnt der Orientalist Alfred Schlicht. Der Westen muss Premier Abiy Ahmed weiter st√ºtzen. @HeikoMaas @AuswaertigesAmt #StopScapegoatingEritrea",1,2
347,"@Markus__Lanz @KMuenstermann @corinnamilborn @_FriedrichMerz Wer sagt denn, dass wir nicht schon deutlich weniger Ungeimpfte √ºber 60 haben mittlerweile.",2,2
348,@nils14779062 @LiberalMut @JordanGriz95 @MAStrackZi @ArminLaschet @c_lindner Ich werde auch gleich an Kultur teilnehmen. Es gibt Essen und ich bezahle es selbst.,2,2
349,"@BriHasselmann @at_iram @cem_oezdemir @annachristmann @ABaerbock Sch√∂n zu sehen, dass alle Masken tragen. Obwohl sie vermutlich geimpft sind üòäüòäüòä",0,1
350,@StBrandner Vom √ºberm√§√üigen Alkoholgenuss?,2,2
351,@Karl_Lauterbach Nat√ºrlich ist Aufkl√§rung wichtig. Aber das heute war etwas ganz anderes‚Ä¶ Und nat√ºrlich haben wir uns und die Kinder informiert. Mit 15 verstehen sie das auch und haben sich klar daf√ºr entschieden. Und nochmal nat√ºrlich unterschreibt man eine Aufkl√§rung/Einverst√§ndniserkl√§rung.,2,2
352,#Briefwahl ist DAS Mittel gegen #Stimmenthaltung !  Mein #Stimmzettel f√ºr die #Bundestagswahl2021 ist schon in #Paris angekommen üí´üá´üá∑üòç  @ArmandZorn @Frankfuerffm @DeborahDuering @MaxZaenker @Janine_Wissler @dreibrunnen,2,0
353,"@Karl_Lauterbach Das ist doch toll Karlchen, vielleicht komt dann der AZ Impfstoff und entfaltet seine volle Wirkung in deinem Kopf so wie bei den mit Thrombose, dass w√§re doch mal was.",1,0
354,"@MalteKaufmann Es ist keine ""Freiheit"", wenn ich am Beatmungsschlauch auf der Intensivstation oder auf dem Friedhof liege, an Long Covid leide oder mir nahestehende Menschen angesteckt habe. Mit der Impfung hole ich mir echte Freiheit zur√ºck.",1,2
355,"@MZwo22 @Sharebenhaufen @marcfriedrich7 @c_drosten @jensspahn @rki_de @ChariteBerlin @Leopoldina Hahah und du bist einfach nichts und niemand,  keiner au√üer mir, in diesem kurzen Moment Interessiert sich f√ºr dich und auch ich nur um dir zu sagen, dass du ein Lappen bist. Mememem wei√ü alles besser und hat in Wirklichkeit keine Ahnung von nichts.",1,1
356,@Karl_Lauterbach Als Geimpfter muss ich mich Tats√§chlich fragen warum wir so viele Wahnsinnigen im Land haben die immer noch Corona als die T√∂dlichste Gefahr ansehen!,1,1
357,@Diego_Schalper @CDU @RNchile @_FriedrichMerz Callad pedazo de Schei√üe,1,1
358,"@Joerg_Meuthen Ich bin der Meinung,  wer in der DDR politisiert wurde, ist sein Leben lang von dieser Erfahrung gepr√§gt und wird durch sein  Unterbewusstsein immer in die Richtung gesteuert.",2,2
359,@JJ_1809 @jusos Sogar die bl√∂d berichtet schon dar√ºber. Unglaublich.  https://t.co/Zj8NeFHyua,1,2
360,"@Exclam @teamfreiheituGG @Karl_Lauterbach Sie wird und will es nicht verstehen. Sparen Sie sich die Zeit. Der Gro√üteil der Verweigerer wei√ü nach anderhalb Jahren immer noch nicht, was mRNA ist. Obwohl es nur 10min Research brauch. Beratungsresistent.",1,1
361,"@hauwech3 @jusos @spdde Ein ""Libert√§rer"", der die Kommunisten zitiert. Wow.   Die SPD hat niemanden ""verraten"", was hier passiert ist eine h√∂here Verantwortung der Wirtschaft gegen√ºber dessen Arbeitskr√§ften.  M√ºsste doch in ihrem Sinne sein, wo sie den Markt f√ºr so unfehlbar halten.",1,1
362,@ProfHaeubl @Thomas_Bareiss @CDU @cducsubt @CDU_BW @PresseAugsburg F√ºr Deutschland gibt es fast nichts Innovativeres als ein #Tempolimit. Da hinken wir dem Fortschritt wirklich meilenweit hinterher. #Verkehrswende #Mobilit√§tswende #Autokorrektur,1,1
363,@Klima_Mahner @ArminLaschet @klimaunion @cducsubt Wie lange stellte SPD und FDP den Wirtschaftsminister?,2,2
364,Kann die erste #Cannabis Convention in DE erst 2023 oder schon 2022 stattfinden? @GrueneBundestag @spdbt @fdpbt Es br√§uchte sicherlich etwas Vorlauf in der Planung. #Cannabislegalisierung  #Planungssicherheit #Wirtschaft  #Messe,2,2
365,"Wenn Union und SPD wirklich jenseits von #Regenbogenfarben ein Zeichen gegen Queerfeindlichkeit setzen wollen, bietet sich der heutige Tag an, einfach selbst ein #Selbstbestimmungsgesetz auf den Weg zu bringen. Na, wie sieht‚Äôs aus, @PaulZiemiak und @larsklingbeil ? üè≥Ô∏è‚Äçüåàüè≥Ô∏è‚Äç‚ößÔ∏è",2,2
366,"@krasmanalderey @LucieWeisswas @Die_Gruenen D. h., f√ºr einen geringen Prozentsatz, der sich nicht impfen lassen kann, m√ºssen sich ALLE anderen eine gentechnikbasierte experimentelle Substanz spritzen lassen, deren Langzeitwirkung v√∂llig unbekannt ist und f√ºr die nicht mal die Herstellerfirma die Haftung √ºbernimmt?",1,1
367,"@___Jeannette__ @Karl_Lauterbach @LSHTM ich sehe das ganz anders. es ist nun einmal so, dass menschen im altersheim eine sehr begrenzte lebenserwartung haben. dass da auch ein paar menschen nach der impfung sterben ist logisch. wichtig w√§re der vergleich: ist die anzahl der todesf√§lle nach der impfung h√∂her als sonst?",2,1
368,@cantina_guy @Kalinane @Muster97732179 @Nursebee9 @fine1102 @CDU @spdde @GrueneBundestag @dieLinke @fdp Ja klar. Das erkl√§rt die Untersterblichkeit zu einem gro√üen Teil.,2,1
369,@StBrandner @AfD Sind Sie sich sicher? Die Zahlen stammen immerhin von der Bild ü§î..... Und was ist schlimm daran?,2,2
370,@Markus_Soeder Die Zahlen sind schon vor den Ma√ünahmen gesunken!,2,2
371,@larsklingbeil Wie schnell sich doch die Hintergr√ºnde √§ndern k√∂nnen,2,2
372,"Keine Sorge. Bis das gro√üe Schlachten in Afghanistan losgeht, haben @larsklingbeil, @OlafScholz und @ArminLaschet wieder einen Kommafehler in Baerbocks Abi-Klausur gefunden.   Aus den Augen, aus dem Sinn.  Gott, ist diese Regierung moralisch verkommen.   #Afghanistan #BTWahl2021  https://t.co/rb3nfoRcsx",1,1
373,@dcremer_ @Markus_Soeder @CSU Ohne g√∂ttliche Intervention wird das nichts mehr mit der CDU,2,2
